---insert cliente
SELECT*FROM TABELA_CLIENTE;

INSERT INTO TABELA_CLIENTE( CD_CLIENTE, NM_CLIENTE, NU_CPF_CNPJ, TP_CLIENTE )
        VALUES ( 101,'Laís Ingrid',56789012345,'feirante' ) ;
        
INSERT INTO TABELA_CLIENTE( CD_CLIENTE, NM_CLIENTE, NU_CPF_CNPJ, TP_CLIENTE )
        VALUES( 102,'Edna Soares',45678901234,'comprador' );
    
INSERT INTO TABELA_CLIENTE( CD_CLIENTE, NM_CLIENTE, NU_CPF_CNPJ, TP_CLIENTE )
        VALUES( 103,'Iracy da Silva',34567890123,'exportador' );

INSERT INTO TABELA_CLIENTE( CD_CLIENTE, NM_CLIENTE, NU_CPF_CNPJ, TP_CLIENTE )
        VALUES( 104,'Julho de Freitas',23456789012,'comprador' );

INSERT INTO TABELA_CLIENTE( CD_CLIENTE, NM_CLIENTE, NU_CPF_CNPJ, TP_CLIENTE )
        VALUES( 105,'Inacio Vinicios',12345678923,'feirante' );
        

-- insert vendedor
SELECT * FROM TABELA_VENDEDOR;
INSERT INTO TABELA_VENDEDOR( CD_VENDEDOR, NM_VENDEDOR, NU_CPF, DS_ENDERRECO )
        VALUES ( 11,10001,67890123456,'Rua: Alfredo Lisboa 53' ) ;
        
INSERT INTO TABELA_VENDEDOR( CD_VENDEDOR, NM_VENDEDOR, NU_CPF, DS_ENDERRECO )
        VALUES ( 12,10002,78901234567,'Rua: João Freire 86' ) ;        
        
INSERT INTO TABELA_VENDEDOR( CD_VENDEDOR, NM_VENDEDOR, NU_CPF, DS_ENDERRECO )
        VALUES ( 13,10003,89012345678,'Rua: Conde da Boa Vista 90' ) ;

INSERT INTO TABELA_VENDEDOR( CD_VENDEDOR, NM_VENDEDOR, NU_CPF, DS_ENDERRECO )
        VALUES ( 14,10004,90123456789,'Rua: João Freire 21' ) ;
        
INSERT INTO TABELA_VENDEDOR( CD_VENDEDOR, NM_VENDEDOR, NU_CPF, DS_ENDERRECO )
        VALUES ( 15,10005,11234567890,'Rua: Alfredo Lisboa 37' ) ;


-- insert produto
SELECT*FROM TABELA_PRODUTO;

INSERT INTO TABELA_PRODUTO( CD_PRODUTO, DS_PRODUTO, VL_PRECO, QTD_SALDO )
        VALUES ( 1001,'Agua Sanitária', 1.50 ,20 ) ;

INSERT INTO TABELA_PRODUTO( CD_PRODUTO, DS_PRODUTO, VL_PRECO, QTD_SALDO )
        VALUES ( 1002,'Álcool', 3.80 ,10 ) ;
        
INSERT INTO TABELA_PRODUTO( CD_PRODUTO, DS_PRODUTO, VL_PRECO, QTD_SALDO )
        VALUES ( 1003,'Alvejante', 1.20 ,50 ) ;

INSERT INTO TABELA_PRODUTO( CD_PRODUTO, DS_PRODUTO, VL_PRECO, QTD_SALDO )
        VALUES ( 1004,'Ánil', 1.10 ,20 ) ;

INSERT INTO TABELA_PRODUTO( CD_PRODUTO, DS_PRODUTO, VL_PRECO, QTD_SALDO )
        VALUES ( 1005,'Amido de Milho', 1.35 ,10 ) ;
        
        
-- insert PEDIDO
SELECT * FROM TABELA_PEDIDO;
INSERT INTO TABELA_PEDIDO(CD_PEDIDO,VENDEDOR_CD_VENDEDOR,CLIENTE_CD_CLIENTE, DS_PEDIDO,VL_TOTAL,DT_PEDIDO,TP_PEDIDO)
      VALUES(100001, 11 , 101, 'pedido feito pelo propio cliente', 3.00 , to_date('20150920','YYYYMMDD') , 'telefone');

INSERT INTO TABELA_PEDIDO(CD_PEDIDO, VENDEDOR_CD_VENDEDOR, CLIENTE_CD_CLIENTE,DS_PEDIDO,VL_TOTAL,DT_PEDIDO,TP_PEDIDO)
      VALUES(100002, 12 , 102, 'pedido pelo cliente',11.40, to_date('20150926','YYYYMMDD'), 'no caixa');
      
INSERT INTO TABELA_PEDIDO(CD_PEDIDO, VENDEDOR_CD_VENDEDOR, CLIENTE_CD_CLIENTE,DS_PEDIDO,VL_TOTAL,DT_PEDIDO,TP_PEDIDO)
      VALUES(100003, 13 , 103, 'pedido feito pelo filho do cliente', 6.00, to_date('20151010','YYYYMMDD'), 'e-mail');

INSERT INTO TABELA_PEDIDO(CD_PEDIDO, VENDEDOR_CD_VENDEDOR, CLIENTE_CD_CLIENTE,DS_PEDIDO,VL_TOTAL,DT_PEDIDO,TP_PEDIDO)
      VALUES(100004, 14 , 104, 'pedido feito pelo propio cliente', 1.10, to_date('20151019','YYYYMMDD'), 'caixa');

INSERT INTO TABELA_PEDIDO(CD_PEDIDO, VENDEDOR_CD_VENDEDOR, CLIENTE_CD_CLIENTE,DS_PEDIDO,VL_TOTAL,DT_PEDIDO,TP_PEDIDO)
      VALUES(100005, 15 , 105, 'pedido feito pelo filho do cliente',8.10 , to_date('20151109','YYYYMMDD'), 'telefone');
--------------------------------------------------------------------------------
INSERT INTO TABELA_PEDIDO(CD_PEDIDO, VENDEDOR_CD_VENDEDOR, CLIENTE_CD_CLIENTE,DS_PEDIDO,VL_TOTAL,DT_PEDIDO,TP_PEDIDO)
      VALUES(100006, 15 , 104, 'pedido feito pelo filho do cliente',8.10 , to_date('20151110','YYYYMMDD'), 'telefone');

INSERT INTO TABELA_PEDIDO(CD_PEDIDO, VENDEDOR_CD_VENDEDOR, CLIENTE_CD_CLIENTE,DS_PEDIDO,VL_TOTAL,DT_PEDIDO,TP_PEDIDO)
      VALUES(100007, 15 , 103, 'pedido feito pelo filho do cliente',8.10 , to_date('20151111','YYYYMMDD'), 'telefone');
  
--------------------------------------------------------------------------------
select*from tabela_pedido;


--insert item_pedido
SELECT * FROM TABELA_ITEM_PEDIDO;
INSERT INTO TABELA_ITEM_PEDIDO( CD_ITEM_PEDIDO ,PRODUTO_CD_PRODUTO,PEDIDO_CD_PEDIDO,QT_ITEM,VL_UNIT,VL_TOTAL )
        VALUES ( 01 , 1001 , 100001 , 2 , 1.50 , 3.00 ) ;

INSERT INTO TABELA_ITEM_PEDIDO( CD_ITEM_PEDIDO,PRODUTO_CD_PRODUTO,PEDIDO_CD_PEDIDO,QT_ITEM,VL_UNIT, VL_TOTAL )
        VALUES ( 02 , 1002 , 100002 , 3 , 3.80 , 11.40 ) ;
        
INSERT INTO TABELA_ITEM_PEDIDO( CD_ITEM_PEDIDO,PRODUTO_CD_PRODUTO,PEDIDO_CD_PEDIDO,QT_ITEM,VL_UNIT, VL_TOTAL )
        VALUES ( 03 , 1003 , 100003 , 5 , 1.20 , 6.00 ) ; 

INSERT INTO TABELA_ITEM_PEDIDO( CD_ITEM_PEDIDO,PRODUTO_CD_PRODUTO,PEDIDO_CD_PEDIDO,QT_ITEM,VL_UNIT, VL_TOTAL )
        VALUES ( 04 , 1004 , 100004 , 1 , 1.10 , 1.00 ) ; 

INSERT INTO TABELA_ITEM_PEDIDO( CD_ITEM_PEDIDO,PRODUTO_CD_PRODUTO,PEDIDO_CD_PEDIDO,QT_ITEM,VL_UNIT, VL_TOTAL )
        VALUES ( 05 , 1005 , 100005 , 6 , 1.35 , 8.10 ) ; 
        

        
         

    




